scenario milik own attackers defenders minimise risk kick long carry back towards milik support set ruck nomor really let play safe don even think fijian drua	train
today was really hard one hardest days had while but cinta support everyone helped much genuinely grateful everyone kindness continue grateful forever terima kasih bottom heart ruru	train
rune took deep hit but market just flashed strong bottoming signal heavy buying impulsive monthly bounce big players stepping accumulation ongoing now just matter time before rune grinds higher reclaims its previous highs	train
rahu member family who observs calls out actually right all unfair treatment behaviour but inturn gaslit called delusional tertawa	train
rune just pumped hard perfectly refined tingkat shared well before hit handing out another ridiculous chance print insane profits nomor time big shoutout everyone who went short latest bottom keep making richer	train
ruyui hottest animation gaming studio get before too late	train
quick weekend visit hyderabad celebrate birthday oldest surviving member rupanagudi family uncle peddanaana peryappa tauji who entered year had completed graduation before independence mentally very alert	train
acara nama rudi gani usia tahun tembak kenal otk rumah istri maryam desa pattuku limpoe camat lappariaja korban tembak makan keluarga rumah	train
rinu usaid funded foreign intelligence asset just look her stance geopolitics last months get milik answer very glad they reply all exposing themselves	train
letao pesan	train
think rui been cinta tsukasa really long time but yearn silence never believe tsukasa could ever feelings therefore wouldn even try confess doesn even fully believe tsukasa likes after tsukasa confesses	train
rushi sir reacts winning moment tulis	train
rui game memphis pts threes honest pacers fan should trade turner elite	train
rsi aura yay art rsi ile lem yapmak kolay lenceli daha levsel destek diren lerinizi lamla rmak her haz hem sterge hem tarama reply kullanmak takip eni kullan yorum atabilirsiniz	train
rune graf imizde aretlen destek trend zerinde kal olup toparlanma ger ekle tirebilirse tekrardan dolar seviyelerine hareket rebiliriz grafiklerim bilgi yat tavsiyesi niteli inde adik ildir	train
juanjo sobre rus nosotros como hermana tengo amistad muy diferente tengo amigas cosa nica nos conocemos extremadamente bien convivencia nos tertawa hecho carne	train
ruby brave soul lahore rescued herself found safety along two other dogs she now under care starting her healing journey stay tuned updates her progress milik donations help ruby countless others thrive	train
aru wanted let know leaving networks while need focus studies work now takes more time huge hug all people adore hope life takes path full happiness polin forever	train
rahu tamsik activates fully night because shadow planet better makan before sun set eating late night expanding tamas	train
rune graf imizde destek zerinde fiyatlanmaya devam ediyor aretlenen destek lgesi korunabilirse yukar hareketler rebiliriz grafiklerim bilgi yat tavsiyesi niteli inde adik ildir	train
tanf abastece campo adik refugiados adik rukban aloja sirios huyen adik las atrocidades del gimen adik asad son deportados desde jordania hoy alberga personas pero momento lgido recibi diez veces esa cantidad sin tanf rukban nomor sobrevivir	train
sometimes feel fanbase ungrateful players forget past contributions too easily rutu came nobody won two trophies yes regular ict but doesn mean should abandon forever grateful rutu ipl	train
pain fah annoba kenal turo last boss fight before salvation zama wajib resist beastly men everything wrong everything life dubious har sunansa reeks looks every move makes sends country further into hell	train
gill rutu knock outs final rutu won oranye cap trophy rutu won mom award final rutu won trophy anyday ruturaj owner dog	train
then times man dey group inside draft posts before bed sayang top get what tweet off small dem komot	train
ipl bully season wonder shut them excelling consistent performance ipl rutu potential excel test cricket silence haters upcoming redaksi ball season just done multiple times before time	train
ruggers came kill kill kill they ain got nomor chill chill chill reply here fight fight fight story life life life always mun mun mun munki coming soon soon soon	train
test debut century perth could career defining moment rutu chance faith	train
clock stopped ticking titan passes away was beacon integrity ethical leadership philanthropy who imprinted indelible mark world business beyond forever soar high memories	train
los quiero adik rodillas pidiendo perd todos los algun faltaron respeto voz adik	train
who reply ruturaj ain shown milik brilliance before tough times only make champions stronger ignore trolls focus milik game let milik passion guide back milik goated form milik fans believe	train
guru transited taurus yesterday guru ketu trines another year very auspicious time worship shri ganesha vighnaharta advisable worship before sunrise pray removing hurdles offer durva rahu dasa pic unknown source	train
rune would right now people fully understood problems they understand yet devs know how communicate only marketers extremely strange people who probably virgin blood transfusions there nomor girls involved	train
indian govt start rating univs across west hinduphobia rutgers sure rank first think they need popularise indians know knows indians know	train
fulani their stooges tinubu senate forcing states establish ranches ruga states country their own way surrounding country sleeper cells armed fighters never bequeathing children	train
ensekai contest really exposed how many people genuinely think rui would cause tsukasa harm fun because henjin may overstepping but personally think should try reading stories before characterising high schooler some insane sadist	train
know coffee but telangana tax said kantor tax bhatti revanth uttam tax	train
last year around time ruturaj survived because nomor ball went onto score vital cricketing gods were throughout year same year though grateful	train
woohwan one tweet air terjun bad word kenal seks jorok fiksi	train
rune long trade entry targets stoploss	train
come join rito flock happening later than thought around private message enjoy taking pics meeting trio warriors before teba arijuno revali coming down earlier zane	train
rui bruce brown terrible trade rui was terrible playoffs season there nomor doubt was bagus playoffs year before though young also shot just over three last year wouldn touch trade ten	train
new father rajinikanth	train
ethu profit mukkiyam illa ethu gross high atha mukkiyam ethu gross high mukkiyam illa ethu gross high atha mukkiyam mukkiyam illa ethu high gross athaa mukkiyam	train
respect deciding play second split such hard position	train
here top mini indonesia suka permen kirim minum habis habis gantung situasi suka kopi bangun tidur makan	train
kenal hidang spc group young korea selatan spc group kenal dunia korea selatan milik buka makan halal	train
alam pakai sayang beli water coba pilih gigi elektrik deh deep gigi pakai elektrik kopi kakak perempuan makan	train
foto tampil hidang hasil tarik perhati warna cahaya tonjol tekstur bahan saji lauk lengkap upa sumber sayur segar susun piring alas daun pisang bahas warganet cita porsi saji diskusi kembang sentuh bersih kualitas bahan nilai gizi kandung porsi foto bahan banding praktis cinta kuliner putus cicip suasana warung kopi kafe modern	train
fakta suka makan asa manis kecuali permen kenyal milik tekstur lembut utama kopi jalan aktivitas hidup antusias ambil foto latar lambat makan ganggu asam lambung usaha ekstra atur jadwal milik cinta isi isi ayam kocak makan	train
unjung buah kafe saji aneka makan kopi kualitas rata rata kopi arabika camil renyah gurih ruang kafe modern cahaya hangat fasilitas kecewa lokasi sedia ruang ibadah tunai fasilitas timbul kecewa unjung jalan ibadah waktu nilai ruang	train
giat makan jalan ibadah puasa tindak sosial manfaat program panitia paket aneka ragam pisang minum segar sebar paket titik titik strategis area jalan raya padat kendara umum kota salur butuh acara isi singkat acara singkat harap giat filantropi tumbuh sosial suci	train
tidur malam kecuali tidur siang jadwal malam picky eater pilih makan rumah suka hidang manis gula menu minum makan tutup milik cahaya terang konsumsi kopi olah olah minum semangat	train
surabaya milik hidang minum khas wajib cicip kunjung salah pecel semanggi pecel semanggi daun semanggi olah segar campur daun aneka khas hidang saji daun pisang lipat lengkap siram bumbu kacang manis kerupuk kulit pecel semanggi surabaya kenal lontong rujak lontong lengkap alam kuliner nikmat gelas kopi nusantara warung kopi lokal kopi arabika kafe modern sebar kota	train
produk set toples simpan makan tawar desain tutup plastik warna emas set toples bumbu dapur kue kering camil plastik makan aman makan tutup udara jaga renyah cita bahan simpan harga rupiah set produk pilih rumah tangga modern dapur fungsi optimal platform	train
acara selenggara saji donat hadir tampil donat tarik warna tekstur lembut kenyal sedia agam pilih kopi biji pilih kopi susu varian senang hidang nikmat nikmat hadir panitia acara hadir kuliner kopi kualitas suasana hangat kesan alam event	train
hidang nusantara cicip acara sungguh lupa pilih lauk upa ikan bumbu khas manado daging rica gurih sate ayam rica tradisional lengkap saji goreng pok pok milik cita manis tinggal ayam lembut nasi hangat hidang saji bumbu pas alam santap kesan	train
fakta tarik aktivitas kiri milik alergi hewan ekstra hati hati lingkung sengaja tugas aman bank momen kocak suka makan minum asa asam nikmat varian kopi umum suka durian kuning hindar buah buah	train
judul pria pulang bawa makan bagus implementasi salah mall sisi perhati pisah komunikasi	train
baseball gelanggang karno lupa bawa kopi tuku tuku baca buku ngobrol main baseball ketemu kucing maaf bawa makan	train
adil program makan gizi gratis jakarta	train
hubung habis melulu dubai cokelat dubai choco coffee	train
dubai cokelat choco total bayar kirim	train
kemarin rilis versi choco dubai cokelat versi udara roti lembut temu terima sistem kawan	train
dubai waktu mbak let get some coffee cokelat snacks while wait pria keras tarik	train
snack daiso snack dubai cokelat cafe rumah dubai choco daiso snacks start all price bersih tags snack korea daiso coffee	train
sih suka masakan asam manis gurih masakan hidang	train
desain coffee masakan	train
nyuruh kaki nyuruh kopi tolong hasil masakan sesuai pakai baju pulang	train
masakan manado kopi	train
duo hati top dubai cokelat	train
bangun siang morning muka ayo sarap masakin masakan suka morning take quick coffee run	train
masakan tingkat happiness sih masak deh	train
efek hutan sedia makan binatang hutan hutan cari makan macan kota macan kering lapar	train
minggu makan makan berat badan okay before makan nasi okay berat	train
ulang tahun manis janji lengkap	train
masakan goreng	train
diskon daftar kode refferal tags promo mall makan murah hemat kumpul	train
gas kopi sih makan bas ribu sih jasa foto produk produk	train
makan ketemu jalan pacar after nonton makan habis jajan kopi ngobrol jam malam moment	train
senang hotel bersih murah pilih makan hotel akses akses jalan kaki	train
deh hemat beli barang makan kopi susah makan melulu	train
alergi kecuali ikan baca iso uang tuku makan makan anggota anjing minimal nek ayam ngono	train
makan kat pasar kucing kat situ hidup aman	train
kopi makan pedes alias	train
belanja masakan camil minum alias kopi coklat matcha susu mahal tertawa bahan beli pasar ayam bahagia bahagia makan	train
masakan	train
padu makan kopi resep resep kopi bahan utama	train
kode promo refferal fore coffee diskon max transaksi menu minum makan varian menu yaps fore coffee bas ribu seng susah referral pesan maniesz	train
makan makan suka badan butuh apresiasi paksa aktivitas porsi hidup masak air matang kopi kakak perempuan siram air	train
makan kantor lontong kikil kikil tertawa sate bawa makan biji kenyang kopi anak coba kenyang	train
baju makan kopi	train
jatuh cinta kafe estetik makan kopi rating google tinggi nemu coffee shop time sih	train
well before habis makan	train
pulang used before makan	train
perut kenyang kopi asa makan dikit	train
belah hidup bayang jajah hemat bahan masakan hemat make kopi make gula	train
kode promo refferal fore coffee diskon max transaksi menu minum makan varian menu yaps fore coffee bas ribu seng susah referral pesan maniesz	train
kandung libat diskusi hangat pilih makan saji debat wib rumah tangga sedia sarap coba kode sederhana menu hidang ringan kakak suka masakan berat capai sepakat saji pagi sesuai anggota keluarga	train
tengah malam lapar ganggu tidur makan buah hati porsi camil ringan harap ganggu wib perut paksa bangun cari makan timbang opsi roti bubur hangat minum hangat hilang lapar waktu larut malam	train
tanggal oktober oktober raya momen ulang tahun kasih akrab panggil mamell kirim selamat tulus doa aktivitas tanggung proyek jalan sukses moga mamell sehat gigih semangat tinggi raih impi istimewa hidang manis kue cokelat tanda apresiasi	train
pagi bangun putus nikmat sarap tonton siar konten konten windah putus tidur bangun wib perut lapar mes makan aplikasi daring tonton video windah putus mes kopi gula aren milik cita manis alami tekstur lembut ayam goreng renyah santap larut malam	train
rencana beli jenis jajan camil timbang pilih minum hangat kopi sentuh susu susu lembut gelas kakak perempuan tarik pilih agam makan ringan kue goreng camil sesuai selera nikmat waktu santai nikmat agam khawatir habis pilih praktis bantu sesuai selera	train
niat santap masakan matang rumah putus beli rujak alternatif camil segar rujak potong buah segar padu bumbu kacang khas dagang kaki asam manis padu sentuh selera putus segar banding masak menu berat pilih rujak kesan praktis nikmat cita kuliner tradisional	train
kakao kopi cantum indonesia kbbi paham milik fungsi beda lingkung kuliner industri kakao umum olah produk cokelat minum panas kopi proses minum kafe modern sumber biji kelompok kbbi makan komoditas unggul milik peran signifikan minum indonesia	train
puasa konsumsi kopi alami ganggu lambung konsumsi roti santap lambung serang nyeri akibat asam lambung tengah malam makan aman konsumsi picu kambuh harap temu opsi makan ringan bubur nasi putih pisang perut	train
data statistik puluh cinta hewan milik kondisi uang cinta binatang kaya hewan perhati kondisi sehat hewan hewan sehat ancam masyarakat tampung penuh biar hewan serang sakit bawa tampung hewan awat	train
rangkai rapat tunjang aktivitas rencana konsumsi rekan kantor minum kopi alternatif timbang minum sehat kakak perempuan buah segar water sehat sisi makan opsi camil praktis sayur potong buah kue kering rendah gula jaga energi temu daring saran rekomendasi	train
kode promo refferal fore coffee diskon max transaksi menu minum makan varian menu yaps fore coffee bas ribu seng susah referral pesan maniesz	train
istri masak masakan piring	train
kopi makan manis tertawa	train
seru main rumah ajar kopi baca buku masak masakan ajar main	train
shift malam nyeri hati kambuh sadar makan malam seblak minum kopi minum makan makan kaya lambung	train
kecoa kecuali makan tutup kecoa nasi kupat sayur kopi kecuali buka kantor	train
rupiah juta tanda industri makan ringan	train
bodoh habis minum kopi makan makan asam lambung	train
kupat padat bumbu padat bumbu kacang ngambang dalem air ngambang minum kopi biar rata kecoa makan minum	train
makan konsumsi	train
durian kopi seblak makan jeroan kikil kerupuk kulit kulit ayam maaf picky eater	train
mbak makan kopi aktivitas estetik	train
untung ortuku makan makan jeroan kulit ayam	train
makan rare indonesia cicah kopi panas	train
harga sabun roti convenience store indo mahal harga convenience store negara juta rupiah anjing harga makan mall kopi masyarakat	train
terima kasih ortuku makan pikir	train
masakan	train
paham sih minggu makan makan untung parah kapar dikit alergi kambuh	train
anyone tapah kedai makan kawan masakan panas goreng goreng set pagi breakfast nasi ayam tapah	train
pasok kedai tertawa kedai non muslim masakan non muslim makan before kedai masak using masak without using	train
makan rare indonesia cicah kopi panas	train
retail toko snack makan minum sabun minyak kopi butuh combo voc lokal	train
real been there before jaga makan menang sakit terima sakit makan	train
masakan papa varian kopi papa	train
makan kosong jual kaya warung kopi deh now watching tutup jual minum deh kaya warung sembilan bahan warung kopi minum manis kopi bagus	train
warga tokoh aceh hadir lampoh resto milik bintaro unik resto kombinasi menu masakan aceh masakan khas lampoh coffee milik bintaro jakarta	train
suka rumah rumah ortuku dalem rumah dapur situ gas masakan dalem	train
sop sop nikmat masakan top	train
retail toko snack makan minum sabun minyak kopi butuh combo voc lokal	train
penuh nutrisi cafe resto nikmat nyaman ragam makan buka jam	train
masakan acar kuning kokita tunggu resep post masakan acar kuning kokita cita asam segar masakan bumbu kokita	train
happiness putus tinggal nek sing tugas masak sing masakan rasane tok nek masak tuku ayam tok	train
coba coba coffee shop makan	train
gambar aplikasi kiri masakan pacar kiri masakan pakai bumbu cheese	train
selamat pagi selamat aktivitas lupa sarap pagi masakan sarap resep campur bahan dapur makan breakfast made cinta	train
bahas makan	train
mbak perut kosong makan pedes minum kopi kapar	train
berani masak belah masakan	train
masakin kangen masakan arisu	train
masakin kangen masakan arisu	train
daging tahun khawatir upa menu daging gizi butuh kumpul belikan daging event olah masakan	train
tarik coffee resto jual paket makan minum salur tanggal	train
pikir masakan rasane sing tuku nemu	train
makan papa belikan anak beli	train
makan kopi	train
nonton indo makan salah	train
beli makan minum halal	train
ayo akun akun bahagia isi makan masakan sate	train
masakan warung kopi porsi	train
wis senang iso jalan kaki tekan pasar tuku makan asam pecel wis ngono	train
sederhana masakan pulang pulang cinta tumbuh anak kangen masakan	train
baca polisi makan	train
duo acara makan minum sih pas coba coffee deh kopi manis	train
asa lambat makan makan makan pedes minum kopi	train
tahun masak masakan pakai daun kopi	train
ayam tertawa sayur asam masakan	train
makan minum suka putih kopi kotak susu coklat makan matcha durian	train
coba makan hazel isekai isekai serius makan masakan hazel	train
kopi gas minum makan jenis	train
makan gizi gratis	train
makan minum gratis stay nasi ice bulat cheese kopi kenyang uang beli air putih	train
scenario milik own attackers defenders minimise risk kick long carry back towards milik support set ruck nomor really let play safe don even think fijian drua	train
today was really hard one hardest days had while but cinta support everyone helped much genuinely grateful everyone kindness continue grateful forever terima kasih bottom heart ruru	train
rinu usaid funded foreign intelligence asset just look her stance geopolitics last months get milik answer very glad they reply all exposing themselves	train
rune took deep hit but market just flashed strong bottoming signal heavy buying impulsive monthly bounce big players stepping accumulation ongoing now just matter time before rune grinds higher reclaims its previous highs	train
rahu member family who observs calls out actually right all unfair treatment behaviour but inturn gaslit called delusional tertawa	train
letao pesan	train
rui game memphis pts threes honest pacers fan should trade turner elite	train
token rune lonjak harga signifikan tingkat resistance tahan tekan pasar gera tajam buka peluang trader utama ambil posisi short titik rendah putus untung picu cetak untung waktu singkat apresiasi tulus rekan trader berani pasang posisi jual harga capai tingkat rendah terima kasih strategi moga sukses	train
tanggap rushi sir kait momen menang tim tulis video resmi rilis rushi sir analisis strategi tim komunikasi pilih main kunci hasil tutup optimal koordinasi support carry rushi sir gambar tinggi tim kompetisi	train
rui simpan asa cinta tulus tsukasa pilih diam jaga nyaman tsukasa asa rui ragu sungguh takut tolak percaya akibat rui putus coba cinta buka hati sungguh harap ragu bayang pikir rui harap tsukasa paham asa jaga hati	train
ruyui studios salah studio animasi kembang game muka platform studio tonjol kombinasi teknologi hasil karya alam main unik judul game proyek animasi kembang hasil tarik minat komunitas global tarik ruyui studios kunjung taut resmi periode daftar tutup batas akses produk produk janji	train
rsi aura resmi luncur mudah analisis teknikal komprehensif strength rsi platform hadir otomatis tingkat support resistance real time alam efektif tarik alat analisis tunjang putus investasi tinggi manfaat layan periode promosi sila akun resmi ikan tanda suka cantum komentar	train
kunjung singkat kota hyderabad raya ulang tahun anggota keluarga rupanagudi akrab panggil peddanaana peryappa tauji beliau usia abad kondisi mental tajam acara sederhana penuh bahagia hadir anggota keluarga momen harga alam hidup dedikasi beliau puluh tahun	train
acara nama rudi gani usia tahun korban tembak kenal diam istri maryam desa pattuku limpoe camat lappariaja beliau tengah nikmat santap malam keluarga ruang makan rumah polisi lokasi olah kumpul terang saksi tembak latar	train
ruby anjing berani lahore hasil selamat temu anjing kondisi selamat ruby awat tim selamat proses pulih tim hewan periksa rutin nutrisi imbang interaksi bantu ruby pulih sepenuh kait kembang sehat dukung hidup ruby hewan hewan butuh tolong	train
aru pesan waktu tinggal platform sosial putus ambil jalan tanggung tuntut perhati harga dukung cinta sahabat jalin bahagia sukses langkah hidup hangat polin	train
rahu kenal salah planet bayang milik sifat tamsik cenderung picu energi berat sifat utama malam waktu makan utama efek negatif konsumsi makan larut malam tingkat tamsik kait mental ganggu tidur kondisi optimal jaga makan atur waktu salah minimal pengaruh tamsik	train
juanjo terang rus rus kandung hadir hidup ikat sahabat jalin rus milik beda banding hubung sahabat milik paham nilai impi interaksi alam hidup situasi sederhana tantang kuat ikat pisah olah sahabat langkah ambil	train
analisis grafik pasang rune harga hasil tahan dukung trend tanda harga tahan tingkat tanda tanda trend positif dolar amerika serikat tekan grafik analisis susun informasi rekomendasi saran investasi putus dagang sesuai risiko	train
dasar grafik saji token rune harga wilayah dukung tanda area dukung jaga potensi lonjak harga arah kondisi makro pasar sentimen investor peran gera analisis teknikal bahan ajar rekomendasi investasi putus beli jual tanggung pribadi investor	train
komunitas gemar harga jasa main kontribusi mudah lupa rutu reputasi hasil tim raih main ict pribadi terima kasih dedikasi rutu ipl ipl kenang dukung tim	train
resmi sembah menang doa puja selamat raya gelar rutin suci momen puja menang suasana kuat ikat komunitas inspirasi nilai berani abdi hati tantang hidup	train
ambil alih proyek sengaja gambar sosok salah proyek hitung siar perdana betapa antusias hadir sang harap karya hati moga sembah seru gemar debut perdana	train
tanf peran krusial butuh dasar kamp ungsi rukban tampung ribu warga lari deportasi wilayah kamp tampung puluh lipat dukung logistik tanf hidup ungsi hadir fasilitas hidup komunitas rukban ancam risiko jatuh kondisi manusia parah	train
ruggers hadir semangat tinggi henti raih menang kenal santai gera penuh bulat ulang jalan berani modal utama sang inspirasi inovasi strategi main luncur proyek judul munki rilis energi fight die hadir	train
cetak abad debut coba perth potensi momen krusial arah rutu statistik peluang hasil persen tingkat dukung capai sembilan puluh sembilan persen situasi cermin betapa percaya rekan tim dukung mental rutu hasil capai tingkat reputasi internasional buka peluang luas tampil tingkat tinggi	train
jam henti sang titan pulang rat tata sosok tinggi praktik pimpin abdi giat filantropi dampak luas kontribusi dunia dorong inovasi teknologi jalan program sosial tinggal nilai nilai dedikasi manusia inspirasi moga kenang terima selamat jalan rat tata	train
pain fah annoba kenal turo last boss fight before salvation zama wajib resist beastly men everything wrong everything life dubious har sunansa reeks looks every move makes sends country further into hell	train
los quiero adik rodillas pidiendo perd todos los algun faltaron respeto voz adik	train
who reply ruturaj ain shown milik brilliance before tough times only make champions stronger ignore trolls focus milik game let milik passion guide back milik goated form milik fans believe	train
gill rutu knock outs final rutu won oranye cap trophy rutu won mom award final rutu won trophy anyday ruturaj owner dog	train
ipl bully season wonder shut them excelling consistent performance ipl rutu potential excel test cricket silence haters upcoming redaksi ball season just done multiple times before time	train
then times man dey group inside draft posts before bed sayang top get what tweet off small dem komot	train
rune would right now people fully understood problems they understand yet devs know how communicate only marketers extremely strange people who probably virgin blood transfusions there nomor girls involved	train
guru transited taurus yesterday guru ketu trines another year very auspicious time worship shri ganesha vighnaharta advisable worship before sunrise pray removing hurdles offer durva rahu dasa pic unknown source	train
woohwan one tweet air terjun bad word kenal seks jorok fiksi	train
indian govt start rating univs across west hinduphobia rutgers sure rank first think they need popularise indians know knows indians know	train
rune long trade entry targets stoploss	train
last year around time ruturaj survived because nomor ball went onto score vital cricketing gods were throughout year same year though grateful	train
know coffee but telangana tax said kantor tax bhatti revanth uttam tax	train
fulani their stooges tinubu senate forcing states establish ranches ruga states country their own way surrounding country sleeper cells armed fighters never bequeathing children	train
ensekai contest really exposed how many people genuinely think rui would cause tsukasa harm fun because henjin may overstepping but personally think should try reading stories before characterising high schooler some insane sadist	train
rui bruce brown terrible trade rui was terrible playoffs season there nomor doubt was bagus playoffs year before though young also shot just over three last year wouldn touch trade ten	train
come join rito flock happening later than thought around private message enjoy taking pics meeting trio warriors before teba arijuno revali coming down earlier zane	train
new father rajinikanth	train
ethu profit mukkiyam illa ethu gross high atha mukkiyam ethu gross high mukkiyam illa ethu gross high atha mukkiyam mukkiyam illa ethu high gross athaa mukkiyam	train
respect deciding play second split such hard position	train
diskusi publik luas wenang kuat awas kritik ruu polri ruu tni ruu jaksa ketua badan pimpin komisi berantas tahun	train
scenario milik own attackers defenders minimise risk kick long carry back towards milik support set ruck nomor really let play safe don even think fijian drua	train
dpr revisi tni tni milik wenang hukum	train
today was really hard one hardest days had while but cinta support everyone helped much genuinely grateful everyone kindness continue grateful forever terima kasih bottom heart ruru	train
rinu usaid funded foreign intelligence asset just look her stance geopolitics last months get milik answer very glad they reply all exposing themselves	train
rune took deep hit but market just flashed strong bottoming signal heavy buying impulsive monthly bounce big players stepping accumulation ongoing now just matter time before rune grinds higher reclaims its previous highs	train
rahu member family who observs calls out actually right all unfair treatment behaviour but inturn gaslit called delusional tertawa	train
kritik ruu tni ruu jaksa fans berat polri coba ruu polri kritik coba wenang kritik	train
letao pesan	train
rui game memphis pts threes honest pacers fan should trade turner elite	train
rune just pumped hard perfectly refined tingkat shared well before hit handing out another ridiculous chance print insane profits nomor time big shoutout everyone who went short latest bottom keep making richer	train
rushi sir reacts winning moment tulis	train
think rui been cinta tsukasa really long time but yearn silence never believe tsukasa could ever feelings therefore wouldn even try confess doesn even fully believe tsukasa likes after tsukasa confesses	train
ruyui hottest animation gaming studio get before too late	train
rsi aura yay art rsi ile lem yapmak kolay lenceli daha levsel destek diren lerinizi lamla rmak her haz hem sterge hem tarama reply kullanmak takip eni kullan yorum atabilirsiniz	train
quick weekend visit hyderabad celebrate birthday oldest surviving member rupanagudi family uncle peddanaana peryappa tauji who entered year had completed graduation before independence mentally very alert	train
acara nama rudi gani usia tahun tembak kenal otk rumah istri maryam desa pattuku limpoe camat lappariaja korban tembak makan keluarga rumah	train
ruby brave soul lahore rescued herself found safety along two other dogs she now under care starting her healing journey stay tuned updates her progress milik donations help ruby countless others thrive	train
aru wanted let know leaving networks while need focus studies work now takes more time huge hug all people adore hope life takes path full happiness polin forever	train
rahu tamsik activates fully night because shadow planet better makan before sun set eating late night expanding tamas	train
juanjo sobre rus nosotros como hermana tengo amistad muy diferente tengo amigas cosa nica nos conocemos extremadamente bien convivencia nos tertawa hecho carne	train
rune graf imizde aretlen destek trend zerinde kal olup toparlanma ger ekle tirebilirse tekrardan dolar seviyelerine hareket rebiliriz grafiklerim bilgi yat tavsiyesi niteli inde adik ildir	train
rune graf imizde destek zerinde fiyatlanmaya devam ediyor aretlenen destek lgesi korunabilirse yukar hareketler rebiliriz grafiklerim bilgi yat tavsiyesi niteli inde adik ildir	train
sometimes feel fanbase ungrateful players forget past contributions too easily rutu came nobody won two trophies yes regular ict but doesn mean should abandon forever grateful rutu ipl	train
dasar hukum jabat revisi tni coba baca ruu tni	train
tanf abastece campo adik refugiados adik rukban aloja sirios huyen adik las atrocidades del gimen adik asad son deportados desde jordania hoy alberga personas pero momento lgido recibi diez veces esa cantidad sin tanf rukban nomor sobrevivir	train
ruggers came kill kill kill they ain got nomor chill chill chill reply here fight fight fight story life life life always mun mun mun munki coming soon soon soon	train
test debut century perth could career defining moment rutu chance faith	train
clock stopped ticking titan passes away was beacon integrity ethical leadership philanthropy who imprinted indelible mark world business beyond forever soar high memories	train
pain fah annoba kenal turo last boss fight before salvation zama wajib resist beastly men everything wrong everything life dubious har sunansa reeks looks every move makes sends country further into hell	train
los quiero adik rodillas pidiendo perd todos los algun faltaron respeto voz adik	train
who reply ruturaj ain shown milik brilliance before tough times only make champions stronger ignore trolls focus milik game let milik passion guide back milik goated form milik fans believe	train
gill rutu knock outs final rutu won oranye cap trophy rutu won mom award final rutu won trophy anyday ruturaj owner dog	train
ipl bully season wonder shut them excelling consistent performance ipl rutu potential excel test cricket silence haters upcoming redaksi ball season just done multiple times before time	train
then times man dey group inside draft posts before bed sayang top get what tweet off small dem komot	train
again kemarin ruu tni versi ruu komisi berantas versi	train
ketua badan dpr putus tunda bahas revisi undang undang ruu tni ruu polri	train
dpr tunda bahas ruu tni polri	train
ruu saksi tni mahasiswa siang tni pas posisi chaos mahasiswa polisi lari tni aman chaos tni polisi tni bantu	train
rune would right now people fully understood problems they understand yet devs know how communicate only marketers extremely strange people who probably virgin blood transfusions there nomor girls involved	train
guru transited taurus yesterday guru ketu trines another year very auspicious time worship shri ganesha vighnaharta advisable worship before sunrise pray removing hurdles offer durva rahu dasa pic unknown source	train
woohwan one tweet air terjun bad word kenal seks jorok fiksi	train
indian govt start rating univs across west hinduphobia rutgers sure rank first think they need popularise indians know knows indians know	train
rune long trade entry targets stoploss	train
last year around time ruturaj survived because nomor ball went onto score vital cricketing gods were throughout year same year though grateful	train
know coffee but telangana tax said kantor tax bhatti revanth uttam tax	train
fulani their stooges tinubu senate forcing states establish ranches ruga states country their own way surrounding country sleeper cells armed fighters never bequeathing children	train
ensekai contest really exposed how many people genuinely think rui would cause tsukasa harm fun because henjin may overstepping but personally think should try reading stories before characterising high schooler some insane sadist	train
dpr bahas ruu tni polri ruu tunggu masyarakat	train
rui bruce brown terrible trade rui was terrible playoffs season there nomor doubt was bagus playoffs year before though young also shot just over three last year wouldn touch trade ten	train
come join rito flock happening later than thought around private message enjoy taking pics meeting trio warriors before teba arijuno revali coming down earlier zane	train
new father rajinikanth	train
ethu profit mukkiyam illa ethu gross high atha mukkiyam ethu gross high mukkiyam illa ethu gross high atha mukkiyam mukkiyam illa ethu high gross athaa mukkiyam	train
rakyat potensi ruu tni	train
respect deciding play second split such hard position	train
libat masyarakat bahas ruu tni polri	train
tolak ruu tni polri	train
kait ruu tni perhati tahan	train
may before they down americans understand people tariffs don understand big stay strong sir these countries need some tough cinta	train
tariffs tax just don see milik cars electronics cost more raising prices americans while making foreign stronger just shooting foot	train
never had any before after tariffs ever foot mexico top down	train
tariffs everyone shooting foot tariff imposed sayang percent going percent price before which	train
meeting president trump confirmed move tariffs foreign tariffs china mexico set take effect	train
nobody thought tariffs before now	train
too foreign countries right now america take long time business back america where tariffs help country	train
foreign mister joly says canada any official word tariffs after president donald trump confirmed again they reply coming saturday	train
daftar american items canada tariffs products cheese susu meat meat products electronics	train
raising price all new cars would tariffs made america already	train
god how tariffs work trump tariff foreign pays american pays higher cost usa business more usa business cost product buy product higher cost know because involved	train
then trump threatening all foreign countries tariffs which what again prices	train
guy wouldn sayang before because knows was but let get guy went online google tariffs	train
before act all minat taxes america was earth they used tariffs then what think got america out great taxes people when people take more money they more	train
tariffs imposed foreign goods items china foreign products into its market united states same	train
top tariffs they already had which think might been well now	train
tariffs communism all its therefore would nomor need tariffs	train
tariffs taxes imported foreign made products made goods nomor one buy product tariff aren	train
water perang great great should tariffs foreign imported water they should make american water clean again	train
could but only people buy products foreign buy american pay nomor tariffs	train
how make evs tariffs keep wouldn help china were threatening them once	train
bank canada could hit nomor tariffs modelling main modelling product service tariff modelling total trade	train
bebas salah politik paham dinamika inflasi bijak tarif saran dengar sesi selenggara non sesi komprehensif bahas presiden trump dasar tekan inflasi masyarakat pandemi muncul utama bijak perintah tahun milik peran signifikan picu lonjak manfaat kapasitas produksi batas ajar konten gambar akibat bijak fiskal tarif ekonomi makro negara	train
politik bijak dagang internasional kanada mudah presiden trump bangun istimewa negara juta batas kanada perintah kanada arah bangun olah olah perintah perintah amerika prediksi waktu trump umum imigrasi terap tarif kuasa politik manfaat sederhana efektif bentuk opini publik dukung bijak	train
tunggu bijak tarif bodoh bijak deportasi terap harga pakai bahan makan segar alami signifikan produsen domestik cenderung sesuai biaya produksi tarif impor tinggi konsumen paksa tanggung beban harga mahal tingkat jangka industri ritel rumah tangga tekan inflasi ganggu rantai pasok picu deportasi dagang lokal global dampak picu ketidakpastian usaha konsumen	train
lokal tingkat gantung ekonomi domestik bahas tahun dagang internasional alami ganggu pasok tengah pandemi stabilitas kunci tahan ekonomi jangka cepat tenaga asing timbul kompetisi ketat pasar tenaga akibat tingkat tingkat signifikan bijak tarif ketat efek manufaktur jasa parah beban ekonomi nasional	train
perhati dinamika hubung dagang nilai bijak negeri pasang tarif negara tetangga olah praktik musim pilih umum langkah main politik langkah strategis taruh dukung alih alih cermin gigih bijak picu tegang diplomatik timbul ketidakpastian pasar global rugi konsumen usaha tanggung beban biaya impor tinggi	train
tahun konsumen manfaat harga produk elektronik kendara alat rumah tangga tarif picu lonjak harga lipat tarif resmi terap biaya impor otomatis tingkat harga jual toko ritel platform online lambung tinggi dagang produsen negeri sesuai strategi harga ambil margin konsumen berat beban biaya hidup berat manfaat momen diskon promosi krusial	train
debat henti subsidi industri henti praktik dumping produk pasar amerika serikat rugi usaha lokal amerika subsidi timbul harga dumping cipta saing adil lemah industri hukum negara sederhana efektif cipta mekanisme dagang adil hilang beda fiskal usaha saing dasar kualitas produk kapasitas produksi biaya hubung dagang kanada imbang	train
menteri negeri joly temu menteri negeri amerika serikat diskusi beliau temu jalan positif kuat hubung tarif kanada timbal opsi serius kanada lindung nasional publik saksi siar dengar layan	train
warga kanada dorong kotak pesan presiden trump tokoh tokoh kunci trump perdana menteri trudeau anggap tarif seru pilih umum musim semi tarif risiko tinggi tekan pimpin tindak cepat selenggara pilih tarif alat politik kuasa	val
tarif bentuk pajak barang barang impor tarif beban bayar konsumen tarif biaya produk asing tingkat unggul produsen amerika serikat utama usaha usaha asing manfaat tenaga kondisi rugi praktik paksa bijak tarif pasar domestik lindung saing sehat tumbuh industri lokal	val
menteri dagang amerika serikat presiden trump kanada meksiko milik peluang hindar terap tarif impor batas waktu pribadi manfaat harap perintah federal bijak tarif rencana pilih partai republik amerika serikat langkah kontroversial harap picu diskusi luas konsekuensi politik ekonomi mekanisme dagang internasional taruh	val
elektronik rekan tulis kritik bijak perintah amerika serikat masyarakat konsekuensi bijak negeri anggar belanja publik alas partai pilih hati hati tahan implementasi tarif publik warga amerika efek bijak cipta sadar anggar susun bijak fiskal jalan bijak dagang internasional	val
tim presiden trump ancam terap tarif impor kanada tuntut penuh sesuai jadwal negosiasi henti pasok kobalt henti sepenuh tulis amerika serikat milik sumber teknologi produksi kendara listrik bahan dasar kobalt lokal bijak jalan masyarakat kanada tanggung biaya lipat tinggi cari kobalt negara	val
dasar platform prediksi persen kanada meksiko tarif impor prediksi dasar sentimen pasar resmi jabat perintah amerika serikat trend industri dagang manufaktur negara tetangga strategi risiko sumber pasok sesuai rantai logistik hitung ulang biaya minimal dampak negatif stabilitas harga tumbuh ekonomi domestik	val
warganet unggah komentar tanggap margin menang politik persen pilih umum amerika serikat tekan selisih anggap menang suasana warga amerika tekan akibat bijak tarif impor muncul keras kanada kirim perintah tarif produk proses negosiasi asa sakit	val
tulis bayang dampak biaya hidup persen akibat tarif impor bayar listrik beli mes minum ringan beli kopi santap makan ringan transaksi mahal tulis tekan tarif warga amerika lonjak biaya hidup potensi ganggu stabilitas uang rumah tangga signifikan	val
buah unggah kanada ambil langkah deportasi warga asing proses periksa ketat awas batas kanada untung diplomatik hindar tarif impor amerika serikat tulis nilai bijak imigrasi alat tawar tawar efektif negosiasi dagang internasional kanada jaga aman nasional lindung ekonomi masyarakat risiko tarif dagang rugi	val
sosial kirim emas amerika serikat bijak tarif resmi terap proses kirim picu beda harga emas pasar jangka new tinggi banding pasar tunai modal pilih manfaat selisih harga minimal potensi biaya akibat tarif transaksi pasar dampak harga komoditas strategis	val
rangkai tarif impor pajak perintah amerika serikat barang barang asing pajak sifat beban biaya tanggung konsumen utama ekonomi tengah terap tarif pengaruh neraca dagang negara tingkat tekan ekonomi kelompok masyarakat bayar harga barang impor mahal milik pilih alternatif	val
tulis presiden trump ambil tindak diplomatik perdana menteri kanada justin trudeau alas hilang rakyat tulis tuntut trump jalin sepakat tunda tarif tuntut kanada gelar pilih umum musim semi tuntut penuh tarif impor signifikan post tegang diplomatik tingkat negara	val
what never them start before tariffs were tariffs just justin	val
everything must before down because tariffs now milik own end year see prices coming back down america richer than been long time	val
final federal income tax high time there better fund government without milik paycheck tariffs tax fair tax need before get even more money	val
segment trump external revenue service idea trump external revenue service which would tariffs foreign countries instead taxing american idea could shift but without its	val
segment what don there income tax tariffs let tax foreign goods instead taxing milik paycheck government used before fair tax act tax	val
says canada tariffs before saturday deadline just what government dollar dollar tariffs anyone else think stay power just	test
don pay tariffs usa buy products cost more	test
around hours left before american president donald trump threatened tariffs expected take effect saskatchewan premier scott moe emphasized importance adik escalation address business leaders	test
around hours left before american president donald trump threatened tariffs expected take effect saskatchewan premier scott moe emphasized importance adik escalation address business leaders	test
safety mister said canada threatened tariffs united states but nomor might before president donald trump deadline goods	test
member central foreign mister who united states china nomor but end	test
terima kasih only raya	test
yes but just china nomor foreign country government should own land inside united states land should people united states nomor one else	test
always been ccp they went when yet china once party they were they way	test
china rare earth shows their now they global data dod months but days	test
morrison was mister was was mister what should said yes all same time understand scott morrison must china over	test
could evs china price	test
china eles opini	test
hebben ook adik china	test
these dem child making who they really trying america fund took big foreign countries child communism china	test
don even before even hard foreign get official china without any	test
voc kakak eles voc china	test
pepe escobar trump china brics power move world pepe escobar huge brics made which trump perang before had chance start	test
china zijn heeft voor adik een trump heeft een bij adik die adik hebben zijn	test
what great only dod therefore only russia china same they	test
also look into how much china india global then get back when those countries clean their act here forever tertawa	test
only pilih nomor wait forever move china wanted	test
big into now trying hard what came out before china might out their support back their	test
big china new foreign	test
tertawa sure china	test
china ook niet voor heeft china adik niet adik die china bij	test
foreign central govt run deficits pay military would any other country china china them back then fund its deficits them	test
doubt they cldnt car car they cldnt car these many bagus where they going them china	test
south korea china games ice china found way get some very but were when these two china times but korea play	test
time take ccp china now before too late	test
sure understand united states out its military before potential vis vis china they make united states stronger strength perang	test
think just way past could see people first party but just look think there cool games play cool more shows devs south korea china india cetera	test
nomor foreign country should own america just china	test
market into china	test
china was using junk while all their money tech instead buying foreign junk while idea was air over them buying latest tech those times russia who who got	test
warga negara kanada situasi dagang global bijak presiden amerika serikat donald trump tindak ambil beliau kontroversial utama kait rencana negara dukung dagang bebas peluang terap tarif timbal tariffs langkah adil jaga imbang neraca dagang gambar defisit dagang tiongkok capai dolar defisit kanada dolar negara terap bijak dagang imbang	test
tanda waktu jam titik perhati rapat koordinasi aman picu diskusi putus hubung aktor aktor asing milik niat rugi nasional anggap bentuk internasional ancam situasi lemah penuh takut krusial muncul republik rakyat tiongkok tahan sistem sifat tutup sila jajah informasi taut sedia	test
